label,filepath,bbox_x0,bbox_y0,bbox_x1,bbox_y1,index
Gray_Catbird,media/birds_1000/00000.png,15.0,44.0,480.0,331.0,train
Sayornis,media/birds_1000/00001.png,131.0,85.0,488.0,326.0,train
Tennessee_Warbler,media/birds_1000/00002.png,40.0,5.0,345.0,239.0,test
White_throated_Sparrow,media/birds_1000/00003.png,99.0,42.0,448.0,344.0,train
Ring_billed_Gull,media/birds_1000/00004.png,104.0,32.0,451.0,284.0,train
Tree_Swallow,media/birds_1000/00005.png,165.0,133.0,423.0,286.0,train
Florida_Jay,media/birds_1000/00006.png,147.0,89.0,360.0,235.0,test
Yellow_breasted_Chat,media/birds_1000/00007.png,99.0,60.0,377.0,353.0,train
Rusty_Blackbird,media/birds_1000/00008.png,86.0,148.0,410.0,300.0,train
House_Sparrow,media/birds_1000/00009.png,137.0,77.0,365.0,277.0,train
Purple_Finch,media/birds_1000/00010.png,94.0,119.0,447.0,299.0,train
Cactus_Wren,media/birds_1000/00011.png,155.0,155.0,326.0,274.0,train
Pomarine_Jaeger,media/birds_1000/00012.png,141.0,75.0,394.0,254.0,train
Pine_Warbler,media/birds_1000/00013.png,120.0,128.0,462.0,324.0,train
Magnolia_Warbler,media/birds_1000/00014.png,30.0,65.0,234.0,305.0,train
White_Pelican,media/birds_1000/00015.png,77.0,43.0,393.0,180.0,train
Least_Tern,media/birds_1000/00016.png,15.0,14.0,488.0,194.0,test
Bronzed_Cowbird,media/birds_1000/00017.png,99.0,113.0,487.0,345.0,train
Red_winged_Blackbird,media/birds_1000/00018.png,74.0,15.0,499.0,331.0,train
Ivory_Gull,media/birds_1000/00019.png,176.0,66.0,471.0,250.0,train
Cape_May_Warbler,media/birds_1000/00020.png,1.0,126.0,410.0,372.0,train
Eared_Grebe,media/birds_1000/00021.png,163.0,86.0,382.0,250.0,train
Ringed_Kingfisher,media/birds_1000/00022.png,77.0,29.0,487.0,316.0,train
Pine_Warbler,media/birds_1000/00023.png,65.0,86.0,388.0,312.0,test
Canada_Warbler,media/birds_1000/00024.png,77.0,116.0,320.0,324.0,train
Rufous_Hummingbird,media/birds_1000/00025.png,239.0,63.0,433.0,269.0,test
Worm_eating_Warbler,media/birds_1000/00026.png,41.0,39.0,224.0,193.0,train
Lazuli_Bunting,media/birds_1000/00027.png,99.0,176.0,251.0,400.0,train
White_throated_Sparrow,media/birds_1000/00028.png,175.0,80.0,343.0,280.0,train
Cape_May_Warbler,media/birds_1000/00029.png,54.0,137.0,277.0,250.0,train
Green_Jay,media/birds_1000/00030.png,172.0,75.0,312.0,290.0,train
Winter_Wren,media/birds_1000/00031.png,52.0,80.0,294.0,302.0,train
Black_throated_Blue_Warbler,media/birds_1000/00032.png,156.0,43.0,360.0,298.0,train
Black_footed_Albatross,media/birds_1000/00033.png,72.0,29.0,296.0,291.0,train
American_Crow,media/birds_1000/00034.png,44.0,110.0,333.0,445.0,test
Brown_Pelican,media/birds_1000/00035.png,150.0,32.0,381.0,378.0,train
Rose_breasted_Grosbeak,media/birds_1000/00036.png,105.0,68.0,367.0,466.0,train
Kentucky_Warbler,media/birds_1000/00037.png,2.0,15.0,326.0,253.0,train
California_Gull,media/birds_1000/00038.png,187.0,56.0,462.0,318.0,test
Swainson_Warbler,media/birds_1000/00039.png,0.0,54.0,424.0,371.0,train
Nighthawk,media/birds_1000/00040.png,58.0,51.0,457.0,228.0,train
Great_Grey_Shrike,media/birds_1000/00041.png,11.0,49.0,175.0,165.0,train
Brewer_Sparrow,media/birds_1000/00042.png,118.0,150.0,257.0,336.0,test
Eared_Grebe,media/birds_1000/00043.png,88.0,54.0,420.0,293.0,test
Chuck_will_Widow,media/birds_1000/00044.png,62.0,46.0,240.0,218.0,train
Heermann_Gull,media/birds_1000/00045.png,158.0,20.0,415.0,309.0,test
Brown_Thrasher,media/birds_1000/00046.png,10.0,108.0,419.0,368.0,test
Nashville_Warbler,media/birds_1000/00047.png,74.0,76.0,296.0,254.0,test
Summer_Tanager,media/birds_1000/00048.png,246.0,77.0,433.0,233.0,train
Whip_poor_Will,media/birds_1000/00049.png,46.0,81.0,397.0,333.0,train
Le_Conte_Sparrow,media/birds_1000/00050.png,31.0,15.0,235.0,153.0,train
Slaty_backed_Gull,media/birds_1000/00051.png,115.0,57.0,411.0,318.0,train
Grasshopper_Sparrow,media/birds_1000/00052.png,125.0,122.0,284.0,230.0,train
Purple_Finch,media/birds_1000/00053.png,111.0,65.0,280.0,291.0,test
Ovenbird,media/birds_1000/00054.png,207.0,125.0,374.0,253.0,train
Tropical_Kingbird,media/birds_1000/00055.png,137.0,53.0,360.0,266.0,train
Long_tailed_Jaeger,media/birds_1000/00056.png,42.0,30.0,446.0,303.0,train
Red_faced_Cormorant,media/birds_1000/00057.png,190.0,122.0,365.0,386.0,train
House_Wren,media/birds_1000/00058.png,28.0,66.0,232.0,252.0,test
Chipping_Sparrow,media/birds_1000/00059.png,133.0,24.0,426.0,318.0,train
Baird_Sparrow,media/birds_1000/00060.png,207.0,64.0,419.0,260.0,train
Anna_Hummingbird,media/birds_1000/00061.png,87.0,108.0,441.0,323.0,train
Mangrove_Cuckoo,media/birds_1000/00062.png,46.0,111.0,314.0,260.0,train
Mallard,media/birds_1000/00063.png,21.0,54.0,439.0,237.0,train
Least_Tern,media/birds_1000/00064.png,139.0,94.0,499.0,266.0,train
Brown_Thrasher,media/birds_1000/00065.png,192.0,76.0,473.0,291.0,train
Yellow_headed_Blackbird,media/birds_1000/00066.png,124.0,89.0,281.0,305.0,test
Eared_Grebe,media/birds_1000/00067.png,195.0,135.0,409.0,244.0,train
American_Crow,media/birds_1000/00068.png,213.0,56.0,359.0,261.0,train
Ovenbird,media/birds_1000/00069.png,64.0,52.0,458.0,291.0,train
Kentucky_Warbler,media/birds_1000/00070.png,94.0,11.0,248.0,235.0,train
Mangrove_Cuckoo,media/birds_1000/00071.png,25.0,33.0,294.0,343.0,train
European_Goldfinch,media/birds_1000/00072.png,269.0,84.0,426.0,340.0,test
Vesper_Sparrow,media/birds_1000/00073.png,99.0,78.0,295.0,295.0,train
White_breasted_Nuthatch,media/birds_1000/00074.png,53.0,107.0,328.0,303.0,train
Olive_sided_Flycatcher,media/birds_1000/00075.png,134.0,118.0,274.0,358.0,train
Rock_Wren,media/birds_1000/00076.png,219.0,65.0,429.0,354.0,train
Scissor_tailed_Flycatcher,media/birds_1000/00077.png,131.0,154.0,369.0,499.0,train
Seaside_Sparrow,media/birds_1000/00078.png,136.0,114.0,249.0,259.0,test
Wilson_Warbler,media/birds_1000/00079.png,35.0,84.0,388.0,317.0,train
White_necked_Raven,media/birds_1000/00080.png,22.0,52.0,456.0,321.0,test
Worm_eating_Warbler,media/birds_1000/00081.png,29.0,92.0,346.0,268.0,train
Eastern_Towhee,media/birds_1000/00082.png,50.0,28.0,350.0,350.0,train
Evening_Grosbeak,media/birds_1000/00083.png,159.0,47.0,446.0,293.0,train
Great_Crested_Flycatcher,media/birds_1000/00084.png,94.0,40.0,450.0,317.0,test
Cedar_Waxwing,media/birds_1000/00085.png,122.0,91.0,257.0,298.0,train
Great_Grey_Shrike,media/birds_1000/00086.png,123.0,100.0,254.0,365.0,train
Clay_colored_Sparrow,media/birds_1000/00087.png,14.0,56.0,291.0,304.0,test
Rhinoceros_Auklet,media/birds_1000/00088.png,90.0,98.0,300.0,409.0,train
Red_headed_Woodpecker,media/birds_1000/00089.png,53.0,163.0,267.0,340.0,test
Mourning_Warbler,media/birds_1000/00090.png,235.0,75.0,392.0,291.0,train
Canada_Warbler,media/birds_1000/00091.png,81.0,116.0,223.0,466.0,train
Downy_Woodpecker,media/birds_1000/00092.png,61.0,61.0,210.0,436.0,train
American_Three_toed_Woodpecker,media/birds_1000/00093.png,121.0,106.0,283.0,491.0,train
Orange_crowned_Warbler,media/birds_1000/00094.png,9.0,184.0,319.0,367.0,train
Green_Kingfisher,media/birds_1000/00095.png,156.0,96.0,454.0,288.0,train
Henslow_Sparrow,media/birds_1000/00096.png,23.0,13.0,190.0,168.0,test
Groove_billed_Ani,media/birds_1000/00097.png,188.0,151.0,385.0,266.0,test
Belted_Kingfisher,media/birds_1000/00098.png,120.0,53.0,394.0,313.0,train
White_Pelican,media/birds_1000/00099.png,138.0,130.0,344.0,265.0,train
Carolina_Wren,media/birds_1000/00100.png,22.0,4.0,449.0,328.0,train
Acadian_Flycatcher,media/birds_1000/00101.png,75.0,131.0,305.0,366.0,train
Magnolia_Warbler,media/birds_1000/00102.png,203.0,71.0,456.0,257.0,train
Northern_Fulmar,media/birds_1000/00103.png,164.0,49.0,335.0,228.0,train
Rhinoceros_Auklet,media/birds_1000/00104.png,157.0,111.0,263.0,211.0,test
Yellow_throated_Vireo,media/birds_1000/00105.png,186.0,125.0,286.0,227.0,train
Least_Tern,media/birds_1000/00106.png,30.0,185.0,302.0,294.0,train
Clay_colored_Sparrow,media/birds_1000/00107.png,11.0,105.0,361.0,261.0,train
Belted_Kingfisher,media/birds_1000/00108.png,230.0,140.0,414.0,303.0,test
Nelson_Sharp_tailed_Sparrow,media/birds_1000/00109.png,231.0,151.0,369.0,284.0,train
Green_Jay,media/birds_1000/00110.png,92.0,23.0,198.0,141.0,train
Acadian_Flycatcher,media/birds_1000/00111.png,198.0,151.0,391.0,284.0,test
Tree_Sparrow,media/birds_1000/00112.png,204.0,62.0,431.0,292.0,train
Scissor_tailed_Flycatcher,media/birds_1000/00113.png,124.0,88.0,493.0,285.0,train
Red_legged_Kittiwake,media/birds_1000/00114.png,2.0,0.0,313.0,221.0,train
Magnolia_Warbler,media/birds_1000/00115.png,123.0,94.0,405.0,275.0,train
Hooded_Warbler,media/birds_1000/00116.png,67.0,78.0,291.0,184.0,train
Elegant_Tern,media/birds_1000/00117.png,111.0,16.0,398.0,260.0,train
Bay_breasted_Warbler,media/birds_1000/00118.png,163.0,111.0,299.0,240.0,train
Great_Crested_Flycatcher,media/birds_1000/00119.png,72.0,24.0,448.0,483.0,train
American_Three_toed_Woodpecker,media/birds_1000/00120.png,197.0,36.0,355.0,138.0,train
American_Goldfinch,media/birds_1000/00121.png,62.0,49.0,264.0,188.0,train
Cedar_Waxwing,media/birds_1000/00122.png,104.0,57.0,254.0,372.0,train
Florida_Jay,media/birds_1000/00123.png,142.0,99.0,336.0,289.0,train
Louisiana_Waterthrush,media/birds_1000/00124.png,57.0,49.0,327.0,222.0,train
Louisiana_Waterthrush,media/birds_1000/00125.png,51.0,30.0,284.0,325.0,train
Kentucky_Warbler,media/birds_1000/00126.png,82.0,186.0,294.0,379.0,test
Horned_Grebe,media/birds_1000/00127.png,43.0,57.0,312.0,175.0,train
Pine_Warbler,media/birds_1000/00128.png,112.0,146.0,305.0,378.0,train
Fish_Crow,media/birds_1000/00129.png,34.0,85.0,410.0,269.0,train
Mallard,media/birds_1000/00130.png,247.0,68.0,437.0,287.0,train
Brewer_Blackbird,media/birds_1000/00131.png,149.0,48.0,426.0,235.0,test
Common_Tern,media/birds_1000/00132.png,41.0,34.0,236.0,202.0,train
Horned_Lark,media/birds_1000/00133.png,14.0,32.0,420.0,370.0,train
Marsh_Wren,media/birds_1000/00134.png,113.0,163.0,308.0,366.0,train
Least_Auklet,media/birds_1000/00135.png,109.0,94.0,273.0,306.0,train
Horned_Grebe,media/birds_1000/00136.png,102.0,67.0,340.0,197.0,test
Green_Jay,media/birds_1000/00137.png,50.0,10.0,253.0,177.0,train
Evening_Grosbeak,media/birds_1000/00138.png,156.0,57.0,426.0,317.0,test
Chipping_Sparrow,media/birds_1000/00139.png,208.0,134.0,441.0,281.0,train
Black_throated_Blue_Warbler,media/birds_1000/00140.png,136.0,78.0,413.0,260.0,train
White_Pelican,media/birds_1000/00141.png,96.0,49.0,473.0,319.0,test
Carolina_Wren,media/birds_1000/00142.png,196.0,71.0,390.0,256.0,test
Brown_Creeper,media/birds_1000/00143.png,60.0,28.0,250.0,458.0,test
Eared_Grebe,media/birds_1000/00144.png,161.0,94.0,446.0,254.0,test
Chestnut_sided_Warbler,media/birds_1000/00145.png,56.0,271.0,217.0,447.0,train
Olive_sided_Flycatcher,media/birds_1000/00146.png,315.0,118.0,417.0,325.0,test
Black_Tern,media/birds_1000/00147.png,85.0,98.0,402.0,418.0,train
Cape_May_Warbler,media/birds_1000/00148.png,2.0,50.0,331.0,304.0,train
Red_bellied_Woodpecker,media/birds_1000/00149.png,227.0,50.0,416.0,371.0,train
Yellow_headed_Blackbird,media/birds_1000/00150.png,102.0,77.0,300.0,275.0,train
Whip_poor_Will,media/birds_1000/00151.png,100.0,82.0,339.0,256.0,train
Gray_Kingbird,media/birds_1000/00152.png,64.0,139.0,290.0,468.0,train
Hooded_Warbler,media/birds_1000/00153.png,94.0,23.0,360.0,312.0,test
Ovenbird,media/birds_1000/00154.png,152.0,124.0,391.0,278.0,test
Vesper_Sparrow,media/birds_1000/00155.png,113.0,178.0,254.0,358.0,train
Caspian_Tern,media/birds_1000/00156.png,148.0,15.0,466.0,313.0,train
Cape_May_Warbler,media/birds_1000/00157.png,47.0,151.0,347.0,288.0,test
Nelson_Sharp_tailed_Sparrow,media/birds_1000/00158.png,106.0,44.0,324.0,291.0,test
Fish_Crow,media/birds_1000/00159.png,32.0,113.0,233.0,430.0,train
Glaucous_winged_Gull,media/birds_1000/00160.png,41.0,79.0,422.0,308.0,test
Lazuli_Bunting,media/birds_1000/00161.png,243.0,87.0,423.0,232.0,train
Yellow_bellied_Flycatcher,media/birds_1000/00162.png,52.0,25.0,269.0,236.0,test
Cedar_Waxwing,media/birds_1000/00163.png,134.0,43.0,392.0,317.0,test
Sayornis,media/birds_1000/00164.png,60.0,141.0,343.0,416.0,train
White_breasted_Nuthatch,media/birds_1000/00165.png,2.0,100.0,359.0,275.0,train
Orange_crowned_Warbler,media/birds_1000/00166.png,140.0,136.0,359.0,278.0,test
Wilson_Warbler,media/birds_1000/00167.png,61.0,73.0,495.0,289.0,train
Bobolink,media/birds_1000/00168.png,8.0,36.0,377.0,457.0,train
Herring_Gull,media/birds_1000/00169.png,70.0,93.0,368.0,374.0,train
Baltimore_Oriole,media/birds_1000/00170.png,95.0,154.0,231.0,499.0,train
Ringed_Kingfisher,media/birds_1000/00171.png,35.0,63.0,221.0,336.0,train
Lincoln_Sparrow,media/birds_1000/00172.png,88.0,68.0,419.0,343.0,test
Forsters_Tern,media/birds_1000/00173.png,34.0,50.0,484.0,262.0,test
Common_Raven,media/birds_1000/00174.png,158.0,107.0,465.0,301.0,train
Red_bellied_Woodpecker,media/birds_1000/00175.png,136.0,44.0,312.0,373.0,train
Warbling_Vireo,media/birds_1000/00176.png,88.0,117.0,337.0,263.0,test
House_Wren,media/birds_1000/00177.png,56.0,104.0,347.0,331.0,train
Frigatebird,media/birds_1000/00178.png,72.0,1.0,471.0,252.0,train
Evening_Grosbeak,media/birds_1000/00179.png,41.0,145.0,250.0,400.0,train
Boat_tailed_Grackle,media/birds_1000/00180.png,96.0,162.0,389.0,474.0,test
Magnolia_Warbler,media/birds_1000/00181.png,48.0,68.0,286.0,313.0,train
Myrtle_Warbler,media/birds_1000/00182.png,17.0,148.0,271.0,447.0,train
Palm_Warbler,media/birds_1000/00183.png,64.0,102.0,392.0,325.0,train
Brown_Pelican,media/birds_1000/00184.png,29.0,42.0,476.0,312.0,train
Lincoln_Sparrow,media/birds_1000/00185.png,105.0,93.0,347.0,311.0,train
Frigatebird,media/birds_1000/00186.png,79.0,40.0,289.0,266.0,test
Brown_Creeper,media/birds_1000/00187.png,17.0,40.0,412.0,278.0,train
Tree_Sparrow,media/birds_1000/00188.png,110.0,70.0,443.0,289.0,train
Horned_Grebe,media/birds_1000/00189.png,227.0,127.0,358.0,228.0,train
Slaty_backed_Gull,media/birds_1000/00190.png,45.0,35.0,461.0,325.0,train
Winter_Wren,media/birds_1000/00191.png,84.0,73.0,282.0,286.0,train
Green_Kingfisher,media/birds_1000/00192.png,89.0,89.0,373.0,260.0,train
Pileated_Woodpecker,media/birds_1000/00193.png,152.0,43.0,426.0,366.0,train
Rusty_Blackbird,media/birds_1000/00194.png,88.0,56.0,256.0,192.0,test
Nashville_Warbler,media/birds_1000/00195.png,86.0,72.0,320.0,251.0,train
Red_eyed_Vireo,media/birds_1000/00196.png,24.0,60.0,326.0,277.0,train
Eared_Grebe,media/birds_1000/00197.png,218.0,186.0,413.0,295.0,train
Hooded_Warbler,media/birds_1000/00198.png,113.0,67.0,412.0,298.0,train
Black_and_white_Warbler,media/birds_1000/00199.png,170.0,73.0,333.0,306.0,test
Bay_breasted_Warbler,media/birds_1000/00200.png,180.0,130.0,434.0,272.0,train
Field_Sparrow,media/birds_1000/00201.png,176.0,79.0,340.0,331.0,train
American_Crow,media/birds_1000/00202.png,93.0,88.0,359.0,277.0,train
Scott_Oriole,media/birds_1000/00203.png,117.0,35.0,381.0,300.0,train
Prairie_Warbler,media/birds_1000/00204.png,109.0,95.0,275.0,310.0,train
Parakeet_Auklet,media/birds_1000/00205.png,248.0,170.0,389.0,396.0,test
Downy_Woodpecker,media/birds_1000/00206.png,87.0,79.0,208.0,417.0,test
Brown_Pelican,media/birds_1000/00207.png,21.0,0.0,497.0,266.0,test
Mourning_Warbler,media/birds_1000/00208.png,37.0,45.0,433.0,372.0,train
House_Sparrow,media/birds_1000/00209.png,6.0,90.0,365.0,293.0,train
Western_Meadowlark,media/birds_1000/00210.png,71.0,108.0,286.0,321.0,train
Western_Wood_Pewee,media/birds_1000/00211.png,185.0,74.0,310.0,340.0,train
Orchard_Oriole,media/birds_1000/00212.png,74.0,38.0,431.0,345.0,train
White_Pelican,media/birds_1000/00213.png,152.0,80.0,435.0,313.0,train
Rusty_Blackbird,media/birds_1000/00214.png,84.0,26.0,322.0,174.0,train
Ivory_Gull,media/birds_1000/00215.png,180.0,76.0,391.0,255.0,test
Ruby_throated_Hummingbird,media/birds_1000/00216.png,235.0,88.0,359.0,313.0,train
Tennessee_Warbler,media/birds_1000/00217.png,61.0,144.0,300.0,347.0,train
Pigeon_Guillemot,media/birds_1000/00218.png,4.0,61.0,473.0,269.0,train
Red_legged_Kittiwake,media/birds_1000/00219.png,6.0,54.0,301.0,278.0,train
Le_Conte_Sparrow,media/birds_1000/00220.png,187.0,128.0,448.0,439.0,train
Hooded_Oriole,media/birds_1000/00221.png,241.0,85.0,436.0,314.0,train
Least_Tern,media/birds_1000/00222.png,188.0,151.0,374.0,275.0,test
Black_throated_Blue_Warbler,media/birds_1000/00223.png,129.0,125.0,318.0,279.0,train
Purple_Finch,media/birds_1000/00224.png,31.0,66.0,445.0,287.0,train
Cape_Glossy_Starling,media/birds_1000/00225.png,60.0,60.0,261.0,355.0,test
Western_Gull,media/birds_1000/00226.png,122.0,83.0,383.0,347.0,train
Laysan_Albatross,media/birds_1000/00227.png,35.0,114.0,453.0,330.0,train
Tropical_Kingbird,media/birds_1000/00228.png,117.0,148.0,293.0,365.0,train
Pileated_Woodpecker,media/birds_1000/00229.png,108.0,121.0,217.0,405.0,train
Magnolia_Warbler,media/birds_1000/00230.png,105.0,166.0,266.0,402.0,test
Harris_Sparrow,media/birds_1000/00231.png,73.0,74.0,480.0,290.0,train
White_breasted_Nuthatch,media/birds_1000/00232.png,24.0,91.0,422.0,323.0,train
Rock_Wren,media/birds_1000/00233.png,70.0,67.0,341.0,291.0,train
Field_Sparrow,media/birds_1000/00234.png,152.0,96.0,321.0,276.0,train
Nighthawk,media/birds_1000/00235.png,62.0,58.0,317.0,249.0,train
Black_billed_Cuckoo,media/birds_1000/00236.png,6.0,94.0,390.0,300.0,train
Forsters_Tern,media/birds_1000/00237.png,77.0,51.0,309.0,266.0,train
Yellow_billed_Cuckoo,media/birds_1000/00238.png,88.0,153.0,194.0,445.0,train
Ring_billed_Gull,media/birds_1000/00239.png,175.0,123.0,312.0,350.0,train
Yellow_billed_Cuckoo,media/birds_1000/00240.png,133.0,68.0,326.0,263.0,test
Lincoln_Sparrow,media/birds_1000/00241.png,171.0,84.0,390.0,280.0,train
Artic_Tern,media/birds_1000/00242.png,14.0,79.0,363.0,403.0,train
Savannah_Sparrow,media/birds_1000/00243.png,143.0,133.0,302.0,289.0,train
Mockingbird,media/birds_1000/00244.png,96.0,46.0,455.0,293.0,train
Nashville_Warbler,media/birds_1000/00245.png,81.0,81.0,281.0,220.0,train
Rock_Wren,media/birds_1000/00246.png,77.0,53.0,457.0,317.0,test
Western_Meadowlark,media/birds_1000/00247.png,61.0,45.0,366.0,236.0,train
Sage_Thrasher,media/birds_1000/00248.png,2.0,49.0,420.0,300.0,train
Black_billed_Cuckoo,media/birds_1000/00249.png,184.0,36.0,491.0,339.0,test
Seaside_Sparrow,media/birds_1000/00250.png,320.0,133.0,469.0,321.0,train
Chuck_will_Widow,media/birds_1000/00251.png,24.0,22.0,489.0,270.0,train
Bohemian_Waxwing,media/birds_1000/00252.png,6.0,46.0,366.0,322.0,train
Ivory_Gull,media/birds_1000/00253.png,123.0,153.0,316.0,463.0,train
Chuck_will_Widow,media/birds_1000/00254.png,82.0,53.0,499.0,357.0,test
American_Pipit,media/birds_1000/00255.png,246.0,88.0,438.0,326.0,train
Common_Raven,media/birds_1000/00256.png,52.0,38.0,498.0,329.0,test
Louisiana_Waterthrush,media/birds_1000/00257.png,56.0,61.0,308.0,303.0,train
Yellow_breasted_Chat,media/birds_1000/00258.png,55.0,161.0,295.0,355.0,train
Pied_Kingfisher,media/birds_1000/00259.png,67.0,105.0,344.0,338.0,test
Green_Violetear,media/birds_1000/00260.png,60.0,75.0,442.0,283.0,train
Cedar_Waxwing,media/birds_1000/00261.png,43.0,98.0,262.0,490.0,train
Western_Meadowlark,media/birds_1000/00262.png,95.0,180.0,243.0,311.0,test
Shiny_Cowbird,media/birds_1000/00263.png,261.0,127.0,435.0,242.0,test
American_Redstart,media/birds_1000/00264.png,91.0,81.0,482.0,293.0,train
Canada_Warbler,media/birds_1000/00265.png,168.0,80.0,307.0,224.0,train
Shiny_Cowbird,media/birds_1000/00266.png,170.0,131.0,349.0,244.0,train
Heermann_Gull,media/birds_1000/00267.png,90.0,80.0,499.0,350.0,train
Evening_Grosbeak,media/birds_1000/00268.png,9.0,39.0,443.0,316.0,train
Brewer_Blackbird,media/birds_1000/00269.png,107.0,34.0,497.0,316.0,train
Pine_Warbler,media/birds_1000/00270.png,109.0,121.0,377.0,295.0,train
Mangrove_Cuckoo,media/birds_1000/00271.png,81.0,135.0,321.0,408.0,train
Red_eyed_Vireo,media/birds_1000/00272.png,117.0,85.0,488.0,251.0,test
Chestnut_sided_Warbler,media/birds_1000/00273.png,172.0,59.0,407.0,295.0,train
Blue_headed_Vireo,media/birds_1000/00274.png,61.0,75.0,321.0,223.0,train
Field_Sparrow,media/birds_1000/00275.png,178.0,170.0,397.0,356.0,train
Song_Sparrow,media/birds_1000/00276.png,13.0,119.0,218.0,315.0,train
Cape_Glossy_Starling,media/birds_1000/00277.png,75.0,85.0,362.0,326.0,train
Red_faced_Cormorant,media/birds_1000/00278.png,108.0,74.0,234.0,323.0,train
Pelagic_Cormorant,media/birds_1000/00279.png,146.0,123.0,289.0,437.0,train
Baird_Sparrow,media/birds_1000/00280.png,22.0,97.0,167.0,273.0,train
American_Goldfinch,media/birds_1000/00281.png,107.0,76.0,410.0,469.0,train
Acadian_Flycatcher,media/birds_1000/00282.png,24.0,64.0,490.0,331.0,train
Ringed_Kingfisher,media/birds_1000/00283.png,207.0,95.0,348.0,298.0,train
Henslow_Sparrow,media/birds_1000/00284.png,138.0,156.0,474.0,421.0,train
Vermilion_Flycatcher,media/birds_1000/00285.png,163.0,94.0,314.0,288.0,test
Boat_tailed_Grackle,media/birds_1000/00286.png,14.0,192.0,343.0,461.0,train
Palm_Warbler,media/birds_1000/00287.png,63.0,189.0,350.0,414.0,test
Red_headed_Woodpecker,media/birds_1000/00288.png,108.0,84.0,264.0,476.0,train
Brown_Creeper,media/birds_1000/00289.png,107.0,135.0,271.0,425.0,train
Cardinal,media/birds_1000/00290.png,164.0,99.0,487.0,396.0,train
Red_bellied_Woodpecker,media/birds_1000/00291.png,25.0,44.0,218.0,439.0,train
White_necked_Raven,media/birds_1000/00292.png,218.0,59.0,431.0,338.0,train
Green_tailed_Towhee,media/birds_1000/00293.png,165.0,170.0,303.0,330.0,test
California_Gull,media/birds_1000/00294.png,71.0,96.0,313.0,318.0,train
Fish_Crow,media/birds_1000/00295.png,27.0,79.0,332.0,452.0,train
Yellow_billed_Cuckoo,media/birds_1000/00296.png,31.0,83.0,496.0,290.0,train
Barn_Swallow,media/birds_1000/00297.png,26.0,20.0,474.0,285.0,train
Black_throated_Sparrow,media/birds_1000/00298.png,47.0,91.0,457.0,319.0,train
Le_Conte_Sparrow,media/birds_1000/00299.png,60.0,92.0,428.0,317.0,test
Boat_tailed_Grackle,media/birds_1000/00300.png,127.0,56.0,404.0,333.0,test
Dark_eyed_Junco,media/birds_1000/00301.png,219.0,115.0,370.0,322.0,train
Yellow_throated_Vireo,media/birds_1000/00302.png,175.0,51.0,447.0,267.0,test
Vesper_Sparrow,media/birds_1000/00303.png,134.0,127.0,379.0,409.0,train
Rhinoceros_Auklet,media/birds_1000/00304.png,0.0,6.0,360.0,392.0,train
Philadelphia_Vireo,media/birds_1000/00305.png,177.0,168.0,418.0,293.0,test
Sooty_Albatross,media/birds_1000/00306.png,86.0,57.0,216.0,327.0,test
White_necked_Raven,media/birds_1000/00307.png,40.0,31.0,347.0,319.0,test
Green_Violetear,media/birds_1000/00308.png,114.0,68.0,350.0,308.0,train
Red_breasted_Merganser,media/birds_1000/00309.png,55.0,64.0,343.0,234.0,train
Vesper_Sparrow,media/birds_1000/00310.png,56.0,32.0,311.0,479.0,train
Golden_winged_Warbler,media/birds_1000/00311.png,42.0,79.0,336.0,293.0,train
Grasshopper_Sparrow,media/birds_1000/00312.png,184.0,85.0,488.0,320.0,test
Herring_Gull,media/birds_1000/00313.png,39.0,67.0,420.0,271.0,train
Blue_winged_Warbler,media/birds_1000/00314.png,6.0,138.0,335.0,373.0,train
Black_billed_Cuckoo,media/birds_1000/00315.png,58.0,159.0,220.0,458.0,train
Indigo_Bunting,media/birds_1000/00316.png,86.0,145.0,292.0,306.0,train
Prairie_Warbler,media/birds_1000/00317.png,72.0,75.0,384.0,322.0,train
Bewick_Wren,media/birds_1000/00318.png,43.0,69.0,390.0,315.0,test
Anna_Hummingbird,media/birds_1000/00319.png,69.0,118.0,324.0,417.0,train
Ivory_Gull,media/birds_1000/00320.png,122.0,113.0,297.0,249.0,test
Least_Flycatcher,media/birds_1000/00321.png,169.0,93.0,336.0,410.0,test
White_necked_Raven,media/birds_1000/00322.png,59.0,131.0,319.0,313.0,train
Scarlet_Tanager,media/birds_1000/00323.png,58.0,96.0,306.0,304.0,train
Barn_Swallow,media/birds_1000/00324.png,78.0,100.0,334.0,359.0,train
Carolina_Wren,media/birds_1000/00325.png,217.0,69.0,360.0,338.0,train
Yellow_Warbler,media/birds_1000/00326.png,118.0,68.0,391.0,300.0,train
Horned_Grebe,media/birds_1000/00327.png,64.0,82.0,339.0,250.0,train
Indigo_Bunting,media/birds_1000/00328.png,208.0,112.0,328.0,228.0,train
House_Sparrow,media/birds_1000/00329.png,184.0,66.0,427.0,328.0,test
Le_Conte_Sparrow,media/birds_1000/00330.png,106.0,134.0,331.0,425.0,train
Nighthawk,media/birds_1000/00331.png,173.0,18.0,460.0,310.0,test
Bank_Swallow,media/birds_1000/00332.png,20.0,93.0,390.0,285.0,train
Sooty_Albatross,media/birds_1000/00333.png,247.0,62.0,464.0,313.0,train
Clark_Nutcracker,media/birds_1000/00334.png,95.0,49.0,451.0,368.0,train
Bobolink,media/birds_1000/00335.png,123.0,85.0,471.0,327.0,test
Prothonotary_Warbler,media/birds_1000/00336.png,184.0,92.0,435.0,255.0,train
Chipping_Sparrow,media/birds_1000/00337.png,0.0,1.0,409.0,321.0,train
Prothonotary_Warbler,media/birds_1000/00338.png,132.0,41.0,348.0,330.0,test
Red_eyed_Vireo,media/birds_1000/00339.png,15.0,67.0,286.0,289.0,train
Black_capped_Vireo,media/birds_1000/00340.png,36.0,74.0,326.0,256.0,test
Blue_winged_Warbler,media/birds_1000/00341.png,122.0,79.0,260.0,205.0,train
Elegant_Tern,media/birds_1000/00342.png,56.0,36.0,321.0,247.0,test
Black_capped_Vireo,media/birds_1000/00343.png,60.0,43.0,281.0,331.0,train
Mangrove_Cuckoo,media/birds_1000/00344.png,59.0,39.0,183.0,258.0,test
Frigatebird,media/birds_1000/00345.png,87.0,76.0,363.0,373.0,train
Olive_sided_Flycatcher,media/birds_1000/00346.png,33.0,97.0,256.0,448.0,test
Forsters_Tern,media/birds_1000/00347.png,108.0,0.0,499.0,294.0,train
Painted_Bunting,media/birds_1000/00348.png,137.0,67.0,312.0,341.0,train
Sage_Thrasher,media/birds_1000/00349.png,70.0,109.0,296.0,356.0,train
Common_Raven,media/birds_1000/00350.png,45.0,51.0,402.0,398.0,train
Least_Flycatcher,media/birds_1000/00351.png,172.0,86.0,333.0,294.0,train
Grasshopper_Sparrow,media/birds_1000/00352.png,213.0,102.0,409.0,298.0,train
Brown_Thrasher,media/birds_1000/00353.png,217.0,135.0,364.0,247.0,train
American_Crow,media/birds_1000/00354.png,55.0,57.0,394.0,323.0,train
Black_and_white_Warbler,media/birds_1000/00355.png,188.0,102.0,419.0,302.0,train
Yellow_Warbler,media/birds_1000/00356.png,183.0,113.0,376.0,280.0,train
Red_headed_Woodpecker,media/birds_1000/00357.png,91.0,96.0,239.0,335.0,test
Sage_Thrasher,media/birds_1000/00358.png,165.0,80.0,469.0,364.0,test
Field_Sparrow,media/birds_1000/00359.png,61.0,26.0,463.0,355.0,test
Gray_crowned_Rosy_Finch,media/birds_1000/00360.png,104.0,74.0,476.0,292.0,train
Brown_Pelican,media/birds_1000/00361.png,172.0,13.0,433.0,317.0,train
Loggerhead_Shrike,media/birds_1000/00362.png,149.0,108.0,273.0,269.0,train
Indigo_Bunting,media/birds_1000/00363.png,54.0,118.0,281.0,409.0,test
White_throated_Sparrow,media/birds_1000/00364.png,143.0,83.0,488.0,322.0,train
Tennessee_Warbler,media/birds_1000/00365.png,179.0,84.0,355.0,240.0,train
Parakeet_Auklet,media/birds_1000/00366.png,60.0,49.0,236.0,191.0,train
Blue_Jay,media/birds_1000/00367.png,69.0,68.0,298.0,309.0,train
White_necked_Raven,media/birds_1000/00368.png,94.0,53.0,419.0,325.0,train
Heermann_Gull,media/birds_1000/00369.png,9.0,106.0,473.0,391.0,train
Chipping_Sparrow,media/birds_1000/00370.png,168.0,69.0,444.0,352.0,test
Common_Yellowthroat,media/birds_1000/00371.png,22.0,190.0,227.0,438.0,test
Red_legged_Kittiwake,media/birds_1000/00372.png,69.0,90.0,315.0,341.0,test
Grasshopper_Sparrow,media/birds_1000/00373.png,119.0,74.0,404.0,238.0,train
Dark_eyed_Junco,media/birds_1000/00374.png,167.0,88.0,338.0,387.0,train
Gray_crowned_Rosy_Finch,media/birds_1000/00375.png,35.0,67.0,352.0,352.0,test
Ringed_Kingfisher,media/birds_1000/00376.png,87.0,104.0,302.0,287.0,test
Geococcyx,media/birds_1000/00377.png,78.0,78.0,377.0,224.0,train
White_throated_Sparrow,media/birds_1000/00378.png,160.0,103.0,375.0,238.0,test
Prairie_Warbler,media/birds_1000/00379.png,151.0,69.0,332.0,263.0,train
Painted_Bunting,media/birds_1000/00380.png,168.0,156.0,270.0,279.0,train
Black_throated_Sparrow,media/birds_1000/00381.png,285.0,115.0,391.0,218.0,test
Bohemian_Waxwing,media/birds_1000/00382.png,65.0,34.0,452.0,292.0,train
Pied_Kingfisher,media/birds_1000/00383.png,82.0,35.0,248.0,291.0,train
California_Gull,media/birds_1000/00384.png,30.0,26.0,437.0,303.0,train
Scott_Oriole,media/birds_1000/00385.png,51.0,133.0,266.0,439.0,train
Pied_billed_Grebe,media/birds_1000/00386.png,57.0,49.0,268.0,203.0,train
Horned_Lark,media/birds_1000/00387.png,47.0,138.0,440.0,375.0,train
Cape_Glossy_Starling,media/birds_1000/00388.png,155.0,74.0,374.0,262.0,train
Yellow_Warbler,media/birds_1000/00389.png,194.0,134.0,345.0,248.0,test
Pied_billed_Grebe,media/birds_1000/00390.png,92.0,40.0,344.0,191.0,test
Cerulean_Warbler,media/birds_1000/00391.png,89.0,81.0,332.0,187.0,train
Orchard_Oriole,media/birds_1000/00392.png,224.0,128.0,401.0,290.0,train
European_Goldfinch,media/birds_1000/00393.png,207.0,54.0,452.0,246.0,train
House_Wren,media/birds_1000/00394.png,125.0,82.0,473.0,300.0,train
White_breasted_Kingfisher,media/birds_1000/00395.png,178.0,139.0,285.0,282.0,train
Swainson_Warbler,media/birds_1000/00396.png,81.0,75.0,341.0,265.0,train
Downy_Woodpecker,media/birds_1000/00397.png,137.0,61.0,267.0,336.0,train
Great_Crested_Flycatcher,media/birds_1000/00398.png,51.0,129.0,276.0,379.0,train
Rhinoceros_Auklet,media/birds_1000/00399.png,33.0,168.0,280.0,270.0,train
California_Gull,media/birds_1000/00400.png,131.0,163.0,312.0,274.0,train
Ruby_throated_Hummingbird,media/birds_1000/00401.png,73.0,102.0,438.0,393.0,train
Swainson_Warbler,media/birds_1000/00402.png,217.0,114.0,379.0,228.0,train
Yellow_throated_Vireo,media/birds_1000/00403.png,164.0,90.0,397.0,252.0,train
Yellow_breasted_Chat,media/birds_1000/00404.png,132.0,46.0,303.0,243.0,test
Black_Tern,media/birds_1000/00405.png,20.0,69.0,468.0,364.0,train
American_Redstart,media/birds_1000/00406.png,24.0,49.0,457.0,307.0,train
Nighthawk,media/birds_1000/00407.png,76.0,116.0,276.0,233.0,train
Clark_Nutcracker,media/birds_1000/00408.png,25.0,22.0,409.0,328.0,test
Pomarine_Jaeger,media/birds_1000/00409.png,61.0,34.0,246.0,311.0,train
Gray_Catbird,media/birds_1000/00410.png,88.0,64.0,283.0,473.0,train
Fox_Sparrow,media/birds_1000/00411.png,79.0,143.0,254.0,487.0,train
Common_Yellowthroat,media/birds_1000/00412.png,272.0,72.0,427.0,460.0,train
Green_Jay,media/birds_1000/00413.png,92.0,142.0,269.0,459.0,train
Rose_breasted_Grosbeak,media/birds_1000/00414.png,70.0,112.0,327.0,368.0,train
Black_capped_Vireo,media/birds_1000/00415.png,42.0,42.0,252.0,237.0,train
House_Sparrow,media/birds_1000/00416.png,16.0,88.0,288.0,364.0,train
Summer_Tanager,media/birds_1000/00417.png,178.0,110.0,368.0,318.0,train
European_Goldfinch,media/birds_1000/00418.png,18.0,204.0,331.0,454.0,train
Black_throated_Sparrow,media/birds_1000/00419.png,136.0,129.0,284.0,477.0,train
Kentucky_Warbler,media/birds_1000/00420.png,2.0,144.0,308.0,463.0,train
White_crowned_Sparrow,media/birds_1000/00421.png,21.0,41.0,363.0,270.0,train
Ruby_throated_Hummingbird,media/birds_1000/00422.png,56.0,67.0,408.0,267.0,train
House_Sparrow,media/birds_1000/00423.png,296.0,81.0,444.0,300.0,train
Elegant_Tern,media/birds_1000/00424.png,67.0,26.0,438.0,254.0,train
Yellow_throated_Vireo,media/birds_1000/00425.png,134.0,119.0,373.0,374.0,train
Black_throated_Sparrow,media/birds_1000/00426.png,94.0,79.0,453.0,279.0,train
Bronzed_Cowbird,media/birds_1000/00427.png,126.0,68.0,277.0,473.0,test
Pacific_Loon,media/birds_1000/00428.png,215.0,86.0,364.0,188.0,train
Artic_Tern,media/birds_1000/00429.png,51.0,96.0,440.0,376.0,train
Red_bellied_Woodpecker,media/birds_1000/00430.png,128.0,83.0,396.0,431.0,train
Chestnut_sided_Warbler,media/birds_1000/00431.png,236.0,95.0,474.0,234.0,test
Dark_eyed_Junco,media/birds_1000/00432.png,219.0,85.0,410.0,305.0,train
Sayornis,media/birds_1000/00433.png,192.0,58.0,461.0,412.0,test
Bay_breasted_Warbler,media/birds_1000/00434.png,159.0,36.0,390.0,365.0,train
Philadelphia_Vireo,media/birds_1000/00435.png,47.0,78.0,343.0,254.0,train
Glaucous_winged_Gull,media/birds_1000/00436.png,76.0,18.0,435.0,319.0,train
Summer_Tanager,media/birds_1000/00437.png,47.0,88.0,318.0,425.0,test
Pacific_Loon,media/birds_1000/00438.png,122.0,132.0,366.0,239.0,train
Brewer_Blackbird,media/birds_1000/00439.png,50.0,42.0,272.0,361.0,test
Brewer_Sparrow,media/birds_1000/00440.png,137.0,282.0,259.0,453.0,train
Northern_Waterthrush,media/birds_1000/00441.png,191.0,113.0,355.0,282.0,train
Nelson_Sharp_tailed_Sparrow,media/birds_1000/00442.png,193.0,96.0,364.0,372.0,train
Long_tailed_Jaeger,media/birds_1000/00443.png,48.0,113.0,334.0,247.0,train
Henslow_Sparrow,media/birds_1000/00444.png,148.0,127.0,368.0,292.0,train
Baltimore_Oriole,media/birds_1000/00445.png,131.0,90.0,276.0,453.0,train
Northern_Flicker,media/birds_1000/00446.png,123.0,75.0,359.0,256.0,test
White_eyed_Vireo,media/birds_1000/00447.png,58.0,143.0,259.0,363.0,train
American_Pipit,media/birds_1000/00448.png,79.0,102.0,315.0,313.0,train
Barn_Swallow,media/birds_1000/00449.png,14.0,11.0,372.0,486.0,test
Yellow_headed_Blackbird,media/birds_1000/00450.png,140.0,83.0,304.0,288.0,train
Seaside_Sparrow,media/birds_1000/00451.png,39.0,111.0,220.0,430.0,train
Common_Raven,media/birds_1000/00452.png,166.0,133.0,439.0,301.0,train
Mangrove_Cuckoo,media/birds_1000/00453.png,34.0,10.0,183.0,205.0,train
Brandt_Cormorant,media/birds_1000/00454.png,126.0,31.0,496.0,355.0,train
Laysan_Albatross,media/birds_1000/00455.png,31.0,52.0,408.0,224.0,test
Red_breasted_Merganser,media/birds_1000/00456.png,97.0,71.0,462.0,236.0,train
Brown_Creeper,media/birds_1000/00457.png,164.0,93.0,357.0,214.0,test
Warbling_Vireo,media/birds_1000/00458.png,56.0,57.0,239.0,201.0,train
Sooty_Albatross,media/birds_1000/00459.png,196.0,96.0,418.0,243.0,train
Groove_billed_Ani,media/birds_1000/00460.png,187.0,60.0,321.0,315.0,train
Lazuli_Bunting,media/birds_1000/00461.png,69.0,191.0,205.0,441.0,train
Indigo_Bunting,media/birds_1000/00462.png,88.0,72.0,434.0,328.0,train
Long_tailed_Jaeger,media/birds_1000/00463.png,83.0,100.0,365.0,256.0,test
Hooded_Merganser,media/birds_1000/00464.png,103.0,61.0,487.0,223.0,train
Artic_Tern,media/birds_1000/00465.png,24.0,20.0,486.0,394.0,train
Painted_Bunting,media/birds_1000/00466.png,114.0,25.0,306.0,276.0,train
White_breasted_Nuthatch,media/birds_1000/00467.png,54.0,87.0,256.0,409.0,test
Hooded_Warbler,media/birds_1000/00468.png,160.0,140.0,344.0,258.0,test
Brandt_Cormorant,media/birds_1000/00469.png,0.0,20.0,356.0,399.0,test
Bay_breasted_Warbler,media/birds_1000/00470.png,23.0,32.0,387.0,359.0,test
Wilson_Warbler,media/birds_1000/00471.png,46.0,88.0,383.0,333.0,test
Great_Grey_Shrike,media/birds_1000/00472.png,125.0,44.0,424.0,227.0,train
Hooded_Oriole,media/birds_1000/00473.png,110.0,76.0,277.0,282.0,train
Mallard,media/birds_1000/00474.png,56.0,67.0,402.0,376.0,test
Anna_Hummingbird,media/birds_1000/00475.png,211.0,111.0,474.0,363.0,train
Cape_Glossy_Starling,media/birds_1000/00476.png,34.0,139.0,201.0,425.0,train
Cerulean_Warbler,media/birds_1000/00477.png,140.0,68.0,338.0,284.0,train
Winter_Wren,media/birds_1000/00478.png,54.0,42.0,338.0,328.0,test
Least_Auklet,media/birds_1000/00479.png,80.0,82.0,231.0,244.0,train
Groove_billed_Ani,media/birds_1000/00480.png,55.0,46.0,176.0,165.0,train
Forsters_Tern,media/birds_1000/00481.png,81.0,36.0,485.0,282.0,train
Green_Violetear,media/birds_1000/00482.png,152.0,56.0,280.0,238.0,train
Black_Tern,media/birds_1000/00483.png,155.0,34.0,382.0,230.0,train
Cardinal,media/birds_1000/00484.png,293.0,75.0,434.0,330.0,train
Gray_Catbird,media/birds_1000/00485.png,86.0,89.0,281.0,430.0,test
Herring_Gull,media/birds_1000/00486.png,73.0,28.0,469.0,335.0,train
Northern_Flicker,media/birds_1000/00487.png,50.0,191.0,276.0,362.0,train
Brewer_Sparrow,media/birds_1000/00488.png,48.0,74.0,294.0,466.0,train
White_eyed_Vireo,media/birds_1000/00489.png,96.0,128.0,276.0,393.0,test
Red_cockaded_Woodpecker,media/birds_1000/00490.png,131.0,95.0,308.0,369.0,test
Orange_crowned_Warbler,media/birds_1000/00491.png,79.0,116.0,408.0,290.0,train
Bobolink,media/birds_1000/00492.png,48.0,73.0,230.0,235.0,train
Red_bellied_Woodpecker,media/birds_1000/00493.png,27.0,60.0,466.0,334.0,test
Crested_Auklet,media/birds_1000/00494.png,101.0,64.0,266.0,468.0,train
Belted_Kingfisher,media/birds_1000/00495.png,120.0,127.0,307.0,240.0,train
Whip_poor_Will,media/birds_1000/00496.png,175.0,94.0,409.0,219.0,train
Bobolink,media/birds_1000/00497.png,53.0,130.0,177.0,396.0,train
White_breasted_Kingfisher,media/birds_1000/00498.png,108.0,104.0,306.0,419.0,train
Ivory_Gull,media/birds_1000/00499.png,110.0,70.0,412.0,271.0,train
Common_Tern,media/birds_1000/00500.png,15.0,44.0,479.0,287.0,train
Blue_Jay,media/birds_1000/00501.png,55.0,89.0,396.0,282.0,train
Mourning_Warbler,media/birds_1000/00502.png,148.0,116.0,306.0,219.0,train
Blue_Grosbeak,media/birds_1000/00503.png,141.0,62.0,315.0,396.0,train
Black_footed_Albatross,media/birds_1000/00504.png,111.0,42.0,244.0,261.0,train
Mockingbird,media/birds_1000/00505.png,281.0,52.0,491.0,215.0,train
Florida_Jay,media/birds_1000/00506.png,169.0,37.0,451.0,405.0,train
Black_and_white_Warbler,media/birds_1000/00507.png,22.0,46.0,290.0,280.0,train
Scarlet_Tanager,media/birds_1000/00508.png,179.0,73.0,386.0,305.0,test
Tree_Swallow,media/birds_1000/00509.png,166.0,91.0,421.0,309.0,train
Shiny_Cowbird,media/birds_1000/00510.png,145.0,86.0,389.0,258.0,train
Blue_headed_Vireo,media/birds_1000/00511.png,74.0,121.0,488.0,318.0,train
Gray_Catbird,media/birds_1000/00512.png,66.0,64.0,434.0,300.0,train
Horned_Puffin,media/birds_1000/00513.png,165.0,100.0,361.0,242.0,train
Northern_Flicker,media/birds_1000/00514.png,56.0,78.0,233.0,473.0,train
Ivory_Gull,media/birds_1000/00515.png,18.0,27.0,460.0,386.0,train
Northern_Fulmar,media/birds_1000/00516.png,115.0,34.0,501.0,283.0,train
Tree_Sparrow,media/birds_1000/00517.png,71.0,100.0,388.0,248.0,train
Glaucous_winged_Gull,media/birds_1000/00518.png,1.0,62.0,379.0,309.0,train
Blue_winged_Warbler,media/birds_1000/00519.png,160.0,150.0,470.0,368.0,train
Green_Violetear,media/birds_1000/00520.png,25.0,37.0,293.0,394.0,test
Ring_billed_Gull,media/birds_1000/00521.png,170.0,34.0,337.0,342.0,test
House_Wren,media/birds_1000/00522.png,178.0,125.0,328.0,300.0,train
Red_cockaded_Woodpecker,media/birds_1000/00523.png,24.0,25.0,170.0,148.0,train
Heermann_Gull,media/birds_1000/00524.png,65.0,44.0,501.0,378.0,test
Ovenbird,media/birds_1000/00525.png,105.0,84.0,437.0,278.0,train
Least_Auklet,media/birds_1000/00526.png,85.0,87.0,232.0,319.0,test
Rock_Wren,media/birds_1000/00527.png,159.0,108.0,297.0,292.0,train
White_breasted_Kingfisher,media/birds_1000/00528.png,91.0,28.0,396.0,332.0,train
Vermilion_Flycatcher,media/birds_1000/00529.png,161.0,81.0,351.0,241.0,train
Barn_Swallow,media/birds_1000/00530.png,143.0,137.0,322.0,292.0,train
Belted_Kingfisher,media/birds_1000/00531.png,274.0,96.0,413.0,215.0,train
Fox_Sparrow,media/birds_1000/00532.png,77.0,30.0,360.0,286.0,test
Baltimore_Oriole,media/birds_1000/00533.png,136.0,74.0,345.0,286.0,train
Pied_Kingfisher,media/birds_1000/00534.png,113.0,76.0,358.0,337.0,test
Nashville_Warbler,media/birds_1000/00535.png,69.0,152.0,230.0,400.0,train
Gray_crowned_Rosy_Finch,media/birds_1000/00536.png,43.0,50.0,349.0,308.0,train
Laysan_Albatross,media/birds_1000/00537.png,128.0,109.0,349.0,307.0,train
White_breasted_Kingfisher,media/birds_1000/00538.png,75.0,87.0,378.0,376.0,test
Chipping_Sparrow,media/birds_1000/00539.png,135.0,104.0,318.0,253.0,train
Red_winged_Blackbird,media/birds_1000/00540.png,4.0,67.0,461.0,327.0,train
Northern_Fulmar,media/birds_1000/00541.png,33.0,34.0,491.0,310.0,test
Glaucous_winged_Gull,media/birds_1000/00542.png,96.0,41.0,453.0,375.0,train
Lincoln_Sparrow,media/birds_1000/00543.png,68.0,81.0,293.0,259.0,train
Green_tailed_Towhee,media/birds_1000/00544.png,218.0,116.0,413.0,495.0,train
Clark_Nutcracker,media/birds_1000/00545.png,86.0,83.0,334.0,331.0,train
Horned_Grebe,media/birds_1000/00546.png,136.0,109.0,394.0,236.0,test
Painted_Bunting,media/birds_1000/00547.png,89.0,96.0,375.0,279.0,test
Cape_Glossy_Starling,media/birds_1000/00548.png,169.0,116.0,299.0,249.0,test
Wilson_Warbler,media/birds_1000/00549.png,143.0,68.0,401.0,248.0,test
Rose_breasted_Grosbeak,media/birds_1000/00550.png,244.0,100.0,372.0,257.0,train
Swainson_Warbler,media/birds_1000/00551.png,167.0,126.0,292.0,254.0,train
Pomarine_Jaeger,media/birds_1000/00552.png,146.0,11.0,464.0,285.0,test
Summer_Tanager,media/birds_1000/00553.png,77.0,10.0,488.0,372.0,train
Rufous_Hummingbird,media/birds_1000/00554.png,32.0,136.0,468.0,386.0,test
Harris_Sparrow,media/birds_1000/00555.png,77.0,72.0,499.0,327.0,train
Rock_Wren,media/birds_1000/00556.png,154.0,75.0,352.0,202.0,test
Horned_Puffin,media/birds_1000/00557.png,152.0,27.0,370.0,293.0,train
Northern_Waterthrush,media/birds_1000/00558.png,175.0,88.0,300.0,229.0,test
Boat_tailed_Grackle,media/birds_1000/00559.png,162.0,27.0,485.0,318.0,train
Eared_Grebe,media/birds_1000/00560.png,140.0,60.0,381.0,241.0,train
Harris_Sparrow,media/birds_1000/00561.png,72.0,92.0,468.0,271.0,test
Tropical_Kingbird,media/birds_1000/00562.png,176.0,127.0,328.0,273.0,test
Yellow_headed_Blackbird,media/birds_1000/00563.png,129.0,140.0,333.0,328.0,train
Eastern_Towhee,media/birds_1000/00564.png,65.0,87.0,391.0,275.0,train
Orange_crowned_Warbler,media/birds_1000/00565.png,63.0,85.0,421.0,288.0,train
Black_billed_Cuckoo,media/birds_1000/00566.png,81.0,139.0,284.0,480.0,train
Bronzed_Cowbird,media/birds_1000/00567.png,213.0,70.0,439.0,265.0,train
Red_winged_Blackbird,media/birds_1000/00568.png,204.0,101.0,384.0,223.0,test
Green_tailed_Towhee,media/birds_1000/00569.png,12.0,143.0,187.0,320.0,train
Western_Gull,media/birds_1000/00570.png,62.0,48.0,334.0,311.0,test
Philadelphia_Vireo,media/birds_1000/00571.png,74.0,179.0,324.0,342.0,train
Pacific_Loon,media/birds_1000/00572.png,60.0,87.0,461.0,227.0,test
Scarlet_Tanager,media/birds_1000/00573.png,138.0,185.0,238.0,371.0,train
Scott_Oriole,media/birds_1000/00574.png,116.0,100.0,457.0,358.0,train
Cerulean_Warbler,media/birds_1000/00575.png,148.0,127.0,293.0,252.0,test
Northern_Flicker,media/birds_1000/00576.png,5.0,20.0,492.0,328.0,test
Myrtle_Warbler,media/birds_1000/00577.png,18.0,38.0,480.0,317.0,test
Winter_Wren,media/birds_1000/00578.png,76.0,108.0,275.0,306.0,train
Cerulean_Warbler,media/birds_1000/00579.png,41.0,59.0,469.0,281.0,train
Loggerhead_Shrike,media/birds_1000/00580.png,122.0,98.0,330.0,276.0,test
Cliff_Swallow,media/birds_1000/00581.png,69.0,138.0,296.0,342.0,test
Lazuli_Bunting,media/birds_1000/00582.png,157.0,239.0,297.0,386.0,test
Laysan_Albatross,media/birds_1000/00583.png,127.0,55.0,379.0,237.0,train
Northern_Waterthrush,media/birds_1000/00584.png,7.0,234.0,349.0,456.0,train
Least_Flycatcher,media/birds_1000/00585.png,161.0,197.0,311.0,351.0,train
Florida_Jay,media/birds_1000/00586.png,58.0,9.0,380.0,442.0,train
Eastern_Towhee,media/birds_1000/00587.png,89.0,38.0,398.0,468.0,train
Pacific_Loon,media/birds_1000/00588.png,195.0,116.0,410.0,227.0,train
Bohemian_Waxwing,media/birds_1000/00589.png,91.0,23.0,333.0,358.0,train
Anna_Hummingbird,media/birds_1000/00590.png,112.0,20.0,407.0,446.0,train
Rufous_Hummingbird,media/birds_1000/00591.png,89.0,55.0,475.0,431.0,train
Black_throated_Blue_Warbler,media/birds_1000/00592.png,88.0,120.0,454.0,319.0,train
Chestnut_sided_Warbler,media/birds_1000/00593.png,142.0,69.0,279.0,255.0,train
Cardinal,media/birds_1000/00594.png,33.0,50.0,204.0,255.0,test
Black_footed_Albatross,media/birds_1000/00595.png,90.0,29.0,314.0,240.0,train
White_breasted_Nuthatch,media/birds_1000/00596.png,209.0,51.0,327.0,299.0,train
Slaty_backed_Gull,media/birds_1000/00597.png,66.0,20.0,351.0,362.0,train
Black_footed_Albatross,media/birds_1000/00598.png,49.0,69.0,302.0,280.0,train
Northern_Waterthrush,media/birds_1000/00599.png,142.0,152.0,493.0,355.0,train
American_Goldfinch,media/birds_1000/00600.png,156.0,103.0,439.0,216.0,test
Pelagic_Cormorant,media/birds_1000/00601.png,194.0,98.0,331.0,349.0,train
Red_cockaded_Woodpecker,media/birds_1000/00602.png,18.0,41.0,130.0,256.0,train
Bewick_Wren,media/birds_1000/00603.png,91.0,58.0,431.0,310.0,train
Tropical_Kingbird,media/birds_1000/00604.png,73.0,52.0,437.0,440.0,train
Brown_Thrasher,media/birds_1000/00605.png,55.0,97.0,278.0,385.0,test
Canada_Warbler,media/birds_1000/00606.png,193.0,137.0,435.0,271.0,test
Parakeet_Auklet,media/birds_1000/00607.png,123.0,32.0,487.0,308.0,train
Least_Auklet,media/birds_1000/00608.png,120.0,37.0,325.0,299.0,train
Tree_Swallow,media/birds_1000/00609.png,16.0,121.0,224.0,396.0,train
Mallard,media/birds_1000/00610.png,34.0,36.0,385.0,455.0,train
Red_cockaded_Woodpecker,media/birds_1000/00611.png,154.0,94.0,269.0,345.0,train
Glaucous_winged_Gull,media/birds_1000/00612.png,64.0,105.0,307.0,309.0,train
Yellow_bellied_Flycatcher,media/birds_1000/00613.png,294.0,206.0,420.0,406.0,train
Song_Sparrow,media/birds_1000/00614.png,36.0,53.0,463.0,367.0,train
Western_Gull,media/birds_1000/00615.png,138.0,108.0,310.0,301.0,train
Rusty_Blackbird,media/birds_1000/00616.png,50.0,65.0,229.0,250.0,train
Blue_Jay,media/birds_1000/00617.png,91.0,44.0,387.0,324.0,train
Least_Flycatcher,media/birds_1000/00618.png,198.0,35.0,318.0,284.0,train
Crested_Auklet,media/birds_1000/00619.png,52.0,51.0,330.0,499.0,train
Golden_winged_Warbler,media/birds_1000/00620.png,89.0,158.0,328.0,270.0,train
Caspian_Tern,media/birds_1000/00621.png,31.0,72.0,447.0,291.0,train
Pelagic_Cormorant,media/birds_1000/00622.png,61.0,51.0,290.0,394.0,test
Mourning_Warbler,media/birds_1000/00623.png,116.0,29.0,469.0,330.0,test
Red_headed_Woodpecker,media/birds_1000/00624.png,138.0,51.0,414.0,434.0,train
Brewer_Sparrow,media/birds_1000/00625.png,154.0,142.0,370.0,455.0,train
White_crowned_Sparrow,media/birds_1000/00626.png,117.0,185.0,372.0,368.0,test
Song_Sparrow,media/birds_1000/00627.png,102.0,41.0,338.0,351.0,train
Western_Wood_Pewee,media/birds_1000/00628.png,51.0,47.0,348.0,345.0,train
Anna_Hummingbird,media/birds_1000/00629.png,179.0,28.0,482.0,285.0,test
Black_billed_Cuckoo,media/birds_1000/00630.png,139.0,90.0,364.0,358.0,train
Cardinal,media/birds_1000/00631.png,87.0,68.0,471.0,345.0,train
Marsh_Wren,media/birds_1000/00632.png,246.0,106.0,466.0,368.0,train
Pied_billed_Grebe,media/birds_1000/00633.png,121.0,50.0,337.0,179.0,train
Gray_crowned_Rosy_Finch,media/birds_1000/00634.png,214.0,78.0,448.0,263.0,train
Bank_Swallow,media/birds_1000/00635.png,25.0,110.0,296.0,433.0,test
Myrtle_Warbler,media/birds_1000/00636.png,55.0,71.0,395.0,320.0,train
Hooded_Merganser,media/birds_1000/00637.png,115.0,122.0,320.0,223.0,test
Kentucky_Warbler,media/birds_1000/00638.png,167.0,79.0,386.0,234.0,train
Field_Sparrow,media/birds_1000/00639.png,133.0,88.0,323.0,255.0,train
Orange_crowned_Warbler,media/birds_1000/00640.png,92.0,102.0,356.0,237.0,train
Prothonotary_Warbler,media/birds_1000/00641.png,164.0,92.0,467.0,277.0,train
Dark_eyed_Junco,media/birds_1000/00642.png,135.0,230.0,327.0,371.0,train
Rose_breasted_Grosbeak,media/birds_1000/00643.png,16.0,34.0,430.0,348.0,test
Gadwall,media/birds_1000/00644.png,73.0,97.0,414.0,243.0,train
Hooded_Oriole,media/birds_1000/00645.png,93.0,116.0,302.0,433.0,train
Yellow_bellied_Flycatcher,media/birds_1000/00646.png,231.0,49.0,363.0,299.0,train
Tennessee_Warbler,media/birds_1000/00647.png,50.0,54.0,220.0,177.0,train
Myrtle_Warbler,media/birds_1000/00648.png,176.0,81.0,491.0,296.0,train
Crested_Auklet,media/birds_1000/00649.png,236.0,125.0,383.0,238.0,train
Florida_Jay,media/birds_1000/00650.png,12.0,37.0,361.0,319.0,train
Ovenbird,media/birds_1000/00651.png,84.0,87.0,366.0,255.0,train
Rufous_Hummingbird,media/birds_1000/00652.png,165.0,131.0,381.0,232.0,train
Brandt_Cormorant,media/birds_1000/00653.png,86.0,86.0,351.0,301.0,train
Green_tailed_Towhee,media/birds_1000/00654.png,30.0,32.0,338.0,488.0,train
Lincoln_Sparrow,media/birds_1000/00655.png,99.0,201.0,220.0,343.0,train
Laysan_Albatross,media/birds_1000/00656.png,18.0,60.0,477.0,299.0,train
American_Three_toed_Woodpecker,media/birds_1000/00657.png,67.0,136.0,306.0,447.0,test
Northern_Fulmar,media/birds_1000/00658.png,102.0,53.0,330.0,312.0,test
Cedar_Waxwing,media/birds_1000/00659.png,116.0,176.0,250.0,308.0,train
White_eyed_Vireo,media/birds_1000/00660.png,118.0,81.0,428.0,278.0,train
Sayornis,media/birds_1000/00661.png,173.0,72.0,436.0,323.0,train
Ringed_Kingfisher,media/birds_1000/00662.png,39.0,62.0,483.0,284.0,train
Pileated_Woodpecker,media/birds_1000/00663.png,58.0,79.0,498.0,294.0,test
American_Three_toed_Woodpecker,media/birds_1000/00664.png,35.0,25.0,259.0,364.0,train
Mockingbird,media/birds_1000/00665.png,212.0,147.0,351.0,281.0,train
Blue_Grosbeak,media/birds_1000/00666.png,134.0,120.0,468.0,359.0,test
Vesper_Sparrow,media/birds_1000/00667.png,88.0,75.0,235.0,302.0,test
Loggerhead_Shrike,media/birds_1000/00668.png,191.0,138.0,371.0,250.0,train
Western_Grebe,media/birds_1000/00669.png,57.0,119.0,385.0,265.0,train
Western_Grebe,media/birds_1000/00670.png,57.0,166.0,239.0,280.0,test
Caspian_Tern,media/birds_1000/00671.png,100.0,45.0,409.0,332.0,test
Cliff_Swallow,media/birds_1000/00672.png,87.0,119.0,323.0,310.0,train
Black_capped_Vireo,media/birds_1000/00673.png,14.0,4.0,225.0,163.0,train
Chuck_will_Widow,media/birds_1000/00674.png,107.0,61.0,499.0,291.0,test
Yellow_Warbler,media/birds_1000/00675.png,55.0,50.0,223.0,345.0,train
Downy_Woodpecker,media/birds_1000/00676.png,47.0,80.0,278.0,499.0,train
Yellow_bellied_Flycatcher,media/birds_1000/00677.png,134.0,140.0,295.0,428.0,train
Spotted_Catbird,media/birds_1000/00678.png,135.0,79.0,309.0,265.0,test
Brandt_Cormorant,media/birds_1000/00679.png,240.0,131.0,442.0,243.0,train
Common_Raven,media/birds_1000/00680.png,139.0,104.0,435.0,285.0,train
Common_Tern,media/birds_1000/00681.png,79.0,82.0,269.0,206.0,train
Song_Sparrow,media/birds_1000/00682.png,177.0,109.0,404.0,234.0,test
Geococcyx,media/birds_1000/00683.png,19.0,21.0,440.0,383.0,test
Brandt_Cormorant,media/birds_1000/00684.png,90.0,58.0,265.0,326.0,test
Wilson_Warbler,media/birds_1000/00685.png,210.0,86.0,471.0,225.0,train
Red_legged_Kittiwake,media/birds_1000/00686.png,11.0,40.0,343.0,224.0,train
Cliff_Swallow,media/birds_1000/00687.png,203.0,112.0,428.0,365.0,train
Black_Tern,media/birds_1000/00688.png,102.0,151.0,301.0,374.0,train
Pigeon_Guillemot,media/birds_1000/00689.png,28.0,85.0,408.0,270.0,train
European_Goldfinch,media/birds_1000/00690.png,61.0,56.0,328.0,440.0,test
Spotted_Catbird,media/birds_1000/00691.png,70.0,42.0,272.0,288.0,train
Sage_Thrasher,media/birds_1000/00692.png,119.0,76.0,394.0,367.0,train
Pine_Grosbeak,media/birds_1000/00693.png,36.0,71.0,356.0,328.0,train
Vermilion_Flycatcher,media/birds_1000/00694.png,174.0,83.0,350.0,250.0,train
Philadelphia_Vireo,media/birds_1000/00695.png,198.0,101.0,440.0,285.0,train
Western_Grebe,media/birds_1000/00696.png,103.0,111.0,266.0,222.0,train
Frigatebird,media/birds_1000/00697.png,24.0,52.0,355.0,399.0,train
Canada_Warbler,media/birds_1000/00698.png,213.0,47.0,449.0,296.0,train
Warbling_Vireo,media/birds_1000/00699.png,68.0,102.0,336.0,256.0,train
Pied_billed_Grebe,media/birds_1000/00700.png,162.0,85.0,321.0,212.0,train
Olive_sided_Flycatcher,media/birds_1000/00701.png,179.0,128.0,307.0,303.0,train
Black_and_white_Warbler,media/birds_1000/00702.png,68.0,117.0,339.0,300.0,train
Pileated_Woodpecker,media/birds_1000/00703.png,231.0,100.0,355.0,306.0,train
Hooded_Oriole,media/birds_1000/00704.png,154.0,84.0,429.0,264.0,test
Parakeet_Auklet,media/birds_1000/00705.png,112.0,31.0,274.0,309.0,train
Shiny_Cowbird,media/birds_1000/00706.png,106.0,58.0,396.0,233.0,train
Long_tailed_Jaeger,media/birds_1000/00707.png,79.0,44.0,483.0,264.0,train
Geococcyx,media/birds_1000/00708.png,20.0,58.0,269.0,487.0,test
Pileated_Woodpecker,media/birds_1000/00709.png,178.0,107.0,368.0,374.0,train
Caspian_Tern,media/birds_1000/00710.png,85.0,30.0,234.0,459.0,train
Black_Tern,media/birds_1000/00711.png,170.0,29.0,352.0,298.0,test
Nashville_Warbler,media/birds_1000/00712.png,146.0,104.0,452.0,312.0,train
Black_and_white_Warbler,media/birds_1000/00713.png,153.0,104.0,488.0,284.0,train
Common_Yellowthroat,media/birds_1000/00714.png,59.0,104.0,457.0,347.0,train
American_Pipit,media/birds_1000/00715.png,113.0,96.0,256.0,237.0,train
Gray_Kingbird,media/birds_1000/00716.png,148.0,91.0,278.0,374.0,test
Gray_Kingbird,media/birds_1000/00717.png,145.0,15.0,442.0,212.0,train
Clark_Nutcracker,media/birds_1000/00718.png,140.0,61.0,375.0,319.0,train
Bay_breasted_Warbler,media/birds_1000/00719.png,105.0,145.0,294.0,328.0,train
Pine_Grosbeak,media/birds_1000/00720.png,28.0,103.0,279.0,461.0,train
Gray_Kingbird,media/birds_1000/00721.png,106.0,87.0,287.0,240.0,test
Bronzed_Cowbird,media/birds_1000/00722.png,175.0,71.0,417.0,477.0,test
Green_Kingfisher,media/birds_1000/00723.png,110.0,63.0,410.0,242.0,train
Blue_headed_Vireo,media/birds_1000/00724.png,39.0,145.0,297.0,397.0,test
Pine_Grosbeak,media/birds_1000/00725.png,170.0,97.0,284.0,269.0,train
Forsters_Tern,media/birds_1000/00726.png,88.0,108.0,439.0,290.0,train
American_Three_toed_Woodpecker,media/birds_1000/00727.png,23.0,108.0,179.0,394.0,train
Purple_Finch,media/birds_1000/00728.png,131.0,43.0,390.0,365.0,train
Horned_Lark,media/birds_1000/00729.png,125.0,128.0,352.0,236.0,test
Seaside_Sparrow,media/birds_1000/00730.png,197.0,46.0,411.0,330.0,train
White_breasted_Kingfisher,media/birds_1000/00731.png,52.0,84.0,429.0,336.0,train
Sage_Thrasher,media/birds_1000/00732.png,132.0,25.0,362.0,332.0,train
Brewer_Sparrow,media/birds_1000/00733.png,92.0,141.0,237.0,354.0,train
Shiny_Cowbird,media/birds_1000/00734.png,200.0,152.0,376.0,282.0,test
Pine_Warbler,media/birds_1000/00735.png,212.0,89.0,367.0,303.0,train
Pigeon_Guillemot,media/birds_1000/00736.png,168.0,75.0,435.0,201.0,test
Swainson_Warbler,media/birds_1000/00737.png,8.0,81.0,359.0,255.0,test
Song_Sparrow,media/birds_1000/00738.png,183.0,67.0,466.0,263.0,train
Red_eyed_Vireo,media/birds_1000/00739.png,184.0,93.0,414.0,269.0,test
Marsh_Wren,media/birds_1000/00740.png,154.0,114.0,371.0,347.0,train
Slaty_backed_Gull,media/birds_1000/00741.png,97.0,46.0,462.0,358.0,train
Pelagic_Cormorant,media/birds_1000/00742.png,63.0,71.0,450.0,334.0,train
Ring_billed_Gull,media/birds_1000/00743.png,26.0,52.0,306.0,470.0,train
Heermann_Gull,media/birds_1000/00744.png,136.0,66.0,449.0,272.0,train
Gadwall,media/birds_1000/00745.png,3.0,4.0,365.0,375.0,train
Seaside_Sparrow,media/birds_1000/00746.png,142.0,81.0,338.0,313.0,train
Pacific_Loon,media/birds_1000/00747.png,160.0,114.0,358.0,230.0,train
Savannah_Sparrow,media/birds_1000/00748.png,96.0,7.0,346.0,264.0,train
American_Redstart,media/birds_1000/00749.png,174.0,107.0,422.0,253.0,train
Cactus_Wren,media/birds_1000/00750.png,13.0,23.0,482.0,448.0,test
Henslow_Sparrow,media/birds_1000/00751.png,32.0,59.0,383.0,423.0,train
Green_Kingfisher,media/birds_1000/00752.png,27.0,41.0,485.0,320.0,test
Ruby_throated_Hummingbird,media/birds_1000/00753.png,6.0,86.0,251.0,284.0,train
Fish_Crow,media/birds_1000/00754.png,41.0,39.0,425.0,229.0,train
Sayornis,media/birds_1000/00755.png,28.0,153.0,266.0,443.0,train
Blue_winged_Warbler,media/birds_1000/00756.png,89.0,122.0,266.0,305.0,test
Elegant_Tern,media/birds_1000/00757.png,95.0,77.0,338.0,337.0,train
Scissor_tailed_Flycatcher,media/birds_1000/00758.png,75.0,85.0,189.0,352.0,train
Brown_Pelican,media/birds_1000/00759.png,46.0,80.0,305.0,487.0,train
Blue_winged_Warbler,media/birds_1000/00760.png,1.0,40.0,473.0,331.0,train
Green_Violetear,media/birds_1000/00761.png,123.0,93.0,315.0,273.0,train
Groove_billed_Ani,media/birds_1000/00762.png,170.0,73.0,315.0,285.0,train
Common_Yellowthroat,media/birds_1000/00763.png,100.0,115.0,318.0,246.0,train
Great_Crested_Flycatcher,media/birds_1000/00764.png,38.0,108.0,404.0,382.0,train
White_Pelican,media/birds_1000/00765.png,151.0,98.0,313.0,240.0,train
Yellow_billed_Cuckoo,media/birds_1000/00766.png,164.0,134.0,362.0,285.0,train
Ring_billed_Gull,media/birds_1000/00767.png,41.0,170.0,314.0,423.0,train
Red_breasted_Merganser,media/birds_1000/00768.png,159.0,58.0,445.0,204.0,test
Cactus_Wren,media/birds_1000/00769.png,107.0,166.0,461.0,360.0,train
Artic_Tern,media/birds_1000/00770.png,15.0,119.0,441.0,267.0,test
Black_throated_Blue_Warbler,media/birds_1000/00771.png,213.0,83.0,445.0,309.0,test
Sooty_Albatross,media/birds_1000/00772.png,1.0,14.0,251.0,262.0,train
Golden_winged_Warbler,media/birds_1000/00773.png,182.0,73.0,465.0,226.0,train
Bewick_Wren,media/birds_1000/00774.png,55.0,148.0,336.0,415.0,train
Vermilion_Flycatcher,media/birds_1000/00775.png,138.0,58.0,363.0,298.0,train
Black_footed_Albatross,media/birds_1000/00776.png,82.0,52.0,342.0,312.0,test
Cape_May_Warbler,media/birds_1000/00777.png,0.0,106.0,357.0,333.0,test
Spotted_Catbird,media/birds_1000/00778.png,4.0,60.0,401.0,328.0,train
Baird_Sparrow,media/birds_1000/00779.png,203.0,72.0,319.0,264.0,train
White_eyed_Vireo,media/birds_1000/00780.png,171.0,20.0,424.0,279.0,train
Downy_Woodpecker,media/birds_1000/00781.png,89.0,114.0,220.0,337.0,train
Great_Crested_Flycatcher,media/birds_1000/00782.png,19.0,57.0,356.0,488.0,train
Northern_Fulmar,media/birds_1000/00783.png,7.0,139.0,444.0,241.0,train
Horned_Puffin,media/birds_1000/00784.png,126.0,122.0,392.0,315.0,test
Brewer_Blackbird,media/birds_1000/00785.png,71.0,144.0,260.0,463.0,train
Scissor_tailed_Flycatcher,media/birds_1000/00786.png,70.0,74.0,473.0,240.0,train
Mockingbird,media/birds_1000/00787.png,1.0,19.0,359.0,341.0,test
Horned_Lark,media/birds_1000/00788.png,43.0,82.0,464.0,321.0,train
Great_Grey_Shrike,media/birds_1000/00789.png,47.0,125.0,301.0,337.0,test
Western_Gull,media/birds_1000/00790.png,35.0,79.0,304.0,333.0,train
Cactus_Wren,media/birds_1000/00791.png,115.0,60.0,357.0,457.0,train
White_eyed_Vireo,media/birds_1000/00792.png,93.0,22.0,317.0,326.0,train
Pied_Kingfisher,media/birds_1000/00793.png,38.0,15.0,428.0,287.0,train
Clark_Nutcracker,media/birds_1000/00794.png,71.0,101.0,429.0,397.0,train
Red_faced_Cormorant,media/birds_1000/00795.png,86.0,90.0,274.0,494.0,test
Elegant_Tern,media/birds_1000/00796.png,93.0,121.0,441.0,272.0,train
Louisiana_Waterthrush,media/birds_1000/00797.png,256.0,92.0,465.0,274.0,test
Orchard_Oriole,media/birds_1000/00798.png,138.0,81.0,396.0,376.0,train
Acadian_Flycatcher,media/birds_1000/00799.png,183.0,35.0,388.0,314.0,train
Northern_Waterthrush,media/birds_1000/00800.png,34.0,215.0,385.0,447.0,train
Baird_Sparrow,media/birds_1000/00801.png,208.0,106.0,377.0,311.0,test
American_Redstart,media/birds_1000/00802.png,156.0,64.0,276.0,278.0,test
Pied_Kingfisher,media/birds_1000/00803.png,98.0,109.0,382.0,307.0,train
White_crowned_Sparrow,media/birds_1000/00804.png,22.0,79.0,331.0,261.0,train
Marsh_Wren,media/birds_1000/00805.png,137.0,81.0,373.0,316.0,train
Summer_Tanager,media/birds_1000/00806.png,172.0,103.0,331.0,420.0,train
Palm_Warbler,media/birds_1000/00807.png,114.0,215.0,264.0,334.0,train
Gray_Kingbird,media/birds_1000/00808.png,2.0,74.0,397.0,316.0,train
Hooded_Merganser,media/birds_1000/00809.png,91.0,28.0,431.0,216.0,train
Pine_Grosbeak,media/birds_1000/00810.png,160.0,88.0,360.0,441.0,test
Black_capped_Vireo,media/birds_1000/00811.png,41.0,64.0,375.0,311.0,train
Scarlet_Tanager,media/birds_1000/00812.png,78.0,117.0,397.0,369.0,train
Barn_Swallow,media/birds_1000/00813.png,169.0,230.0,480.0,429.0,train
Gray_Catbird,media/birds_1000/00814.png,2.0,69.0,459.0,380.0,train
Bewick_Wren,media/birds_1000/00815.png,246.0,44.0,416.0,297.0,train
Caspian_Tern,media/birds_1000/00816.png,30.0,3.0,376.0,451.0,train
Acadian_Flycatcher,media/birds_1000/00817.png,113.0,70.0,284.0,406.0,train
American_Crow,media/birds_1000/00818.png,2.0,50.0,375.0,363.0,train
Loggerhead_Shrike,media/birds_1000/00819.png,70.0,76.0,330.0,253.0,train
Tennessee_Warbler,media/birds_1000/00820.png,136.0,130.0,333.0,240.0,test
Grasshopper_Sparrow,media/birds_1000/00821.png,158.0,127.0,324.0,301.0,test
Blue_headed_Vireo,media/birds_1000/00822.png,198.0,95.0,476.0,292.0,train
Baltimore_Oriole,media/birds_1000/00823.png,164.0,13.0,478.0,234.0,test
Myrtle_Warbler,media/birds_1000/00824.png,268.0,130.0,392.0,250.0,train
Boat_tailed_Grackle,media/birds_1000/00825.png,244.0,83.0,421.0,277.0,train
Red_breasted_Merganser,media/birds_1000/00826.png,109.0,93.0,400.0,291.0,train
Prairie_Warbler,media/birds_1000/00827.png,95.0,61.0,428.0,384.0,train
Slaty_backed_Gull,media/birds_1000/00828.png,208.0,84.0,428.0,292.0,test
Nighthawk,media/birds_1000/00829.png,44.0,75.0,496.0,288.0,train
Harris_Sparrow,media/birds_1000/00830.png,250.0,11.0,413.0,277.0,test
Long_tailed_Jaeger,media/birds_1000/00831.png,11.0,33.0,451.0,257.0,train
Great_Grey_Shrike,media/birds_1000/00832.png,211.0,98.0,312.0,200.0,train
Bank_Swallow,media/birds_1000/00833.png,188.0,105.0,343.0,305.0,train
Whip_poor_Will,media/birds_1000/00834.png,2.0,45.0,314.0,224.0,test
Spotted_Catbird,media/birds_1000/00835.png,183.0,32.0,394.0,349.0,train
Purple_Finch,media/birds_1000/00836.png,73.0,75.0,303.0,424.0,train
Blue_Grosbeak,media/birds_1000/00837.png,68.0,95.0,337.0,298.0,train
Western_Meadowlark,media/birds_1000/00838.png,42.0,112.0,245.0,436.0,test
Western_Gull,media/birds_1000/00839.png,22.0,79.0,324.0,329.0,train
White_crowned_Sparrow,media/birds_1000/00840.png,117.0,74.0,490.0,332.0,train
Bank_Swallow,media/birds_1000/00841.png,141.0,106.0,305.0,367.0,train
Western_Meadowlark,media/birds_1000/00842.png,172.0,178.0,324.0,315.0,train
Dark_eyed_Junco,media/birds_1000/00843.png,104.0,39.0,214.0,202.0,test
Golden_winged_Warbler,media/birds_1000/00844.png,79.0,15.0,443.0,361.0,test
Carolina_Wren,media/birds_1000/00845.png,124.0,83.0,327.0,313.0,train
Prothonotary_Warbler,media/birds_1000/00846.png,141.0,70.0,462.0,304.0,train
Orchard_Oriole,media/birds_1000/00847.png,39.0,72.0,371.0,334.0,test
Nelson_Sharp_tailed_Sparrow,media/birds_1000/00848.png,182.0,27.0,337.0,283.0,train
Parakeet_Auklet,media/birds_1000/00849.png,68.0,133.0,344.0,434.0,train
Harris_Sparrow,media/birds_1000/00850.png,24.0,176.0,433.0,407.0,train
Prothonotary_Warbler,media/birds_1000/00851.png,123.0,126.0,343.0,269.0,train
Olive_sided_Flycatcher,media/birds_1000/00852.png,88.0,37.0,362.0,455.0,train
Western_Wood_Pewee,media/birds_1000/00853.png,77.0,77.0,251.0,427.0,test
Mockingbird,media/birds_1000/00854.png,144.0,82.0,383.0,239.0,train
Common_Tern,media/birds_1000/00855.png,115.0,84.0,335.0,359.0,train
American_Pipit,media/birds_1000/00856.png,68.0,117.0,232.0,251.0,test
Scissor_tailed_Flycatcher,media/birds_1000/00857.png,113.0,55.0,297.0,239.0,test
Cardinal,media/birds_1000/00858.png,226.0,53.0,422.0,223.0,train
Vermilion_Flycatcher,media/birds_1000/00859.png,18.0,36.0,475.0,390.0,test
Green_Jay,media/birds_1000/00860.png,76.0,109.0,333.0,282.0,test
Lazuli_Bunting,media/birds_1000/00861.png,216.0,159.0,363.0,425.0,train
Fox_Sparrow,media/birds_1000/00862.png,104.0,66.0,342.0,325.0,train
Groove_billed_Ani,media/birds_1000/00863.png,94.0,22.0,316.0,492.0,train
Rufous_Hummingbird,media/birds_1000/00864.png,152.0,60.0,469.0,306.0,train
European_Goldfinch,media/birds_1000/00865.png,50.0,61.0,210.0,268.0,train
Blue_Grosbeak,media/birds_1000/00866.png,196.0,108.0,352.0,260.0,train
Black_and_white_Warbler,media/birds_1000/00867.png,138.0,18.0,433.0,235.0,test
Blue_headed_Vireo,media/birds_1000/00868.png,106.0,112.0,379.0,405.0,train
Chuck_will_Widow,media/birds_1000/00869.png,1.0,0.0,421.0,263.0,train
Horned_Puffin,media/birds_1000/00870.png,53.0,137.0,289.0,244.0,train
Red_winged_Blackbird,media/birds_1000/00871.png,110.0,144.0,281.0,300.0,train
Louisiana_Waterthrush,media/birds_1000/00872.png,34.0,115.0,447.0,329.0,test
Cactus_Wren,media/birds_1000/00873.png,11.0,113.0,343.0,276.0,train
Hooded_Merganser,media/birds_1000/00874.png,153.0,131.0,484.0,294.0,train
Warbling_Vireo,media/birds_1000/00875.png,68.0,107.0,336.0,253.0,train
Cliff_Swallow,media/birds_1000/00876.png,112.0,137.0,351.0,348.0,train
Yellow_breasted_Chat,media/birds_1000/00877.png,243.0,131.0,378.0,243.0,train
Yellow_bellied_Flycatcher,media/birds_1000/00878.png,307.0,27.0,425.0,280.0,train
Brown_Thrasher,media/birds_1000/00879.png,62.0,157.0,238.0,422.0,train
Hooded_Warbler,media/birds_1000/00880.png,81.0,60.0,313.0,277.0,train
Fish_Crow,media/birds_1000/00881.png,72.0,91.0,346.0,256.0,test
Le_Conte_Sparrow,media/birds_1000/00882.png,28.0,21.0,415.0,366.0,train
Least_Tern,media/birds_1000/00883.png,119.0,72.0,367.0,323.0,train
Crested_Auklet,media/birds_1000/00884.png,252.0,54.0,363.0,265.0,test
Red_cockaded_Woodpecker,media/birds_1000/00885.png,39.0,101.0,232.0,485.0,train
Savannah_Sparrow,media/birds_1000/00886.png,84.0,33.0,406.0,321.0,train
Cerulean_Warbler,media/birds_1000/00887.png,26.0,115.0,223.0,332.0,train
White_crowned_Sparrow,media/birds_1000/00888.png,71.0,89.0,340.0,322.0,train
Philadelphia_Vireo,media/birds_1000/00889.png,127.0,121.0,322.0,278.0,train
Blue_Jay,media/birds_1000/00890.png,93.0,91.0,300.0,320.0,train
Bronzed_Cowbird,media/birds_1000/00891.png,148.0,62.0,471.0,373.0,train
Ruby_throated_Hummingbird,media/birds_1000/00892.png,58.0,41.0,459.0,350.0,test
Chestnut_sided_Warbler,media/birds_1000/00893.png,32.0,106.0,378.0,417.0,train
Red_eyed_Vireo,media/birds_1000/00894.png,140.0,66.0,383.0,237.0,train
Fox_Sparrow,media/birds_1000/00895.png,34.0,71.0,485.0,366.0,train
Scott_Oriole,media/birds_1000/00896.png,116.0,104.0,346.0,303.0,train
Red_legged_Kittiwake,media/birds_1000/00897.png,121.0,47.0,429.0,226.0,train
Pomarine_Jaeger,media/birds_1000/00898.png,102.0,53.0,291.0,227.0,train
Painted_Bunting,media/birds_1000/00899.png,50.0,58.0,274.0,268.0,train
Loggerhead_Shrike,media/birds_1000/00900.png,69.0,50.0,377.0,240.0,train
Mourning_Warbler,media/birds_1000/00901.png,146.0,100.0,368.0,311.0,train
Nelson_Sharp_tailed_Sparrow,media/birds_1000/00902.png,214.0,81.0,369.0,263.0,train
Marsh_Wren,media/birds_1000/00903.png,228.0,117.0,429.0,346.0,test
Horned_Lark,media/birds_1000/00904.png,218.0,154.0,434.0,323.0,train
Savannah_Sparrow,media/birds_1000/00905.png,123.0,3.0,322.0,351.0,test
Gray_crowned_Rosy_Finch,media/birds_1000/00906.png,113.0,68.0,390.0,428.0,train
Brewer_Blackbird,media/birds_1000/00907.png,95.0,73.0,377.0,393.0,train
Red_faced_Cormorant,media/birds_1000/00908.png,141.0,53.0,308.0,451.0,train
Tree_Sparrow,media/birds_1000/00909.png,115.0,101.0,438.0,325.0,test
Frigatebird,media/birds_1000/00910.png,52.0,48.0,499.0,225.0,train
Baird_Sparrow,media/birds_1000/00911.png,65.0,46.0,208.0,273.0,train
Savannah_Sparrow,media/birds_1000/00912.png,86.0,118.0,312.0,404.0,train
Hooded_Oriole,media/birds_1000/00913.png,89.0,22.0,447.0,341.0,train
Herring_Gull,media/birds_1000/00914.png,7.0,48.0,371.0,344.0,train
Palm_Warbler,media/birds_1000/00915.png,90.0,67.0,362.0,464.0,train
Gadwall,media/birds_1000/00916.png,127.0,121.0,378.0,253.0,train
Green_tailed_Towhee,media/birds_1000/00917.png,134.0,145.0,249.0,290.0,test
Carolina_Wren,media/birds_1000/00918.png,61.0,98.0,329.0,283.0,train
Tree_Swallow,media/birds_1000/00919.png,75.0,45.0,391.0,274.0,train
Rose_breasted_Grosbeak,media/birds_1000/00920.png,114.0,92.0,407.0,322.0,test
Pied_billed_Grebe,media/birds_1000/00921.png,160.0,36.0,453.0,251.0,test
Red_headed_Woodpecker,media/birds_1000/00922.png,100.0,99.0,284.0,457.0,train
Eastern_Towhee,media/birds_1000/00923.png,0.0,15.0,401.0,374.0,test
Gadwall,media/birds_1000/00924.png,58.0,44.0,305.0,238.0,test
Whip_poor_Will,media/birds_1000/00925.png,18.0,55.0,463.0,212.0,train
Bohemian_Waxwing,media/birds_1000/00926.png,34.0,129.0,293.0,435.0,test
Clay_colored_Sparrow,media/birds_1000/00927.png,0.0,44.0,476.0,303.0,train
Common_Tern,media/birds_1000/00928.png,176.0,119.0,429.0,280.0,test
Yellow_billed_Cuckoo,media/birds_1000/00929.png,80.0,114.0,329.0,427.0,train
Yellow_breasted_Chat,media/birds_1000/00930.png,102.0,198.0,286.0,441.0,train
Fox_Sparrow,media/birds_1000/00931.png,244.0,89.0,458.0,264.0,train
American_Goldfinch,media/birds_1000/00932.png,140.0,135.0,249.0,270.0,train
Eastern_Towhee,media/birds_1000/00933.png,265.0,152.0,445.0,315.0,train
Worm_eating_Warbler,media/birds_1000/00934.png,74.0,106.0,376.0,295.0,train
Worm_eating_Warbler,media/birds_1000/00935.png,177.0,103.0,411.0,263.0,train
Scarlet_Tanager,media/birds_1000/00936.png,139.0,101.0,299.0,258.0,train
Pelagic_Cormorant,media/birds_1000/00937.png,82.0,18.0,315.0,286.0,train
Warbling_Vireo,media/birds_1000/00938.png,10.0,15.0,463.0,334.0,train
Horned_Puffin,media/birds_1000/00939.png,191.0,103.0,304.0,219.0,train
Yellow_Warbler,media/birds_1000/00940.png,186.0,109.0,419.0,295.0,test
Geococcyx,media/birds_1000/00941.png,184.0,107.0,405.0,243.0,train
American_Redstart,media/birds_1000/00942.png,120.0,99.0,442.0,281.0,train
Tropical_Kingbird,media/birds_1000/00943.png,140.0,89.0,450.0,278.0,train
Bewick_Wren,media/birds_1000/00944.png,98.0,130.0,253.0,232.0,train
Geococcyx,media/birds_1000/00945.png,159.0,121.0,311.0,445.0,train
Winter_Wren,media/birds_1000/00946.png,294.0,90.0,412.0,192.0,train
Rusty_Blackbird,media/birds_1000/00947.png,93.0,83.0,472.0,401.0,test
Artic_Tern,media/birds_1000/00948.png,141.0,60.0,470.0,332.0,train
American_Goldfinch,media/birds_1000/00949.png,68.0,72.0,379.0,347.0,train
Pigeon_Guillemot,media/birds_1000/00950.png,57.0,74.0,483.0,233.0,train
Sooty_Albatross,media/birds_1000/00951.png,36.0,63.0,484.0,315.0,test
Orchard_Oriole,media/birds_1000/00952.png,91.0,98.0,306.0,308.0,train
Pomarine_Jaeger,media/birds_1000/00953.png,154.0,80.0,301.0,211.0,test
Worm_eating_Warbler,media/birds_1000/00954.png,10.0,13.0,238.0,246.0,test
Baltimore_Oriole,media/birds_1000/00955.png,149.0,110.0,250.0,270.0,test
Western_Wood_Pewee,media/birds_1000/00956.png,68.0,73.0,297.0,440.0,train
Clay_colored_Sparrow,media/birds_1000/00957.png,111.0,106.0,327.0,294.0,train
Bobolink,media/birds_1000/00958.png,104.0,61.0,428.0,255.0,train
Indigo_Bunting,media/birds_1000/00959.png,114.0,82.0,283.0,234.0,train
Brown_Creeper,media/birds_1000/00960.png,111.0,58.0,263.0,408.0,train
Western_Wood_Pewee,media/birds_1000/00961.png,77.0,145.0,332.0,479.0,train
Bohemian_Waxwing,media/birds_1000/00962.png,170.0,82.0,450.0,388.0,train
Green_Kingfisher,media/birds_1000/00963.png,85.0,131.0,320.0,438.0,test
Scott_Oriole,media/birds_1000/00964.png,129.0,87.0,470.0,314.0,test
Bank_Swallow,media/birds_1000/00965.png,161.0,26.0,388.0,252.0,train
Prairie_Warbler,media/birds_1000/00966.png,183.0,117.0,485.0,320.0,test
Gadwall,media/birds_1000/00967.png,61.0,59.0,318.0,172.0,train
American_Pipit,media/birds_1000/00968.png,181.0,51.0,499.0,254.0,train
Western_Grebe,media/birds_1000/00969.png,135.0,113.0,388.0,219.0,train
Herring_Gull,media/birds_1000/00970.png,156.0,72.0,389.0,256.0,test
Blue_Jay,media/birds_1000/00971.png,139.0,95.0,369.0,429.0,test
White_throated_Sparrow,media/birds_1000/00972.png,128.0,147.0,309.0,281.0,train
California_Gull,media/birds_1000/00973.png,153.0,92.0,390.0,359.0,test
Mallard,media/birds_1000/00974.png,15.0,41.0,485.0,257.0,train
Clay_colored_Sparrow,media/birds_1000/00975.png,122.0,140.0,403.0,283.0,train
Red_faced_Cormorant,media/birds_1000/00976.png,91.0,86.0,284.0,294.0,train
House_Wren,media/birds_1000/00977.png,141.0,118.0,398.0,284.0,train
Common_Yellowthroat,media/birds_1000/00978.png,177.0,18.0,378.0,281.0,test
Belted_Kingfisher,media/birds_1000/00979.png,281.0,146.0,394.0,277.0,train
Golden_winged_Warbler,media/birds_1000/00980.png,164.0,66.0,458.0,289.0,train
Pigeon_Guillemot,media/birds_1000/00981.png,172.0,94.0,298.0,250.0,train
Red_breasted_Merganser,media/birds_1000/00982.png,134.0,63.0,477.0,239.0,train
Hooded_Merganser,media/birds_1000/00983.png,49.0,37.0,493.0,264.0,train
Black_throated_Sparrow,media/birds_1000/00984.png,134.0,107.0,292.0,299.0,train
Palm_Warbler,media/birds_1000/00985.png,197.0,107.0,362.0,225.0,train
Yellow_throated_Vireo,media/birds_1000/00986.png,53.0,63.0,211.0,316.0,train
Tree_Swallow,media/birds_1000/00987.png,77.0,182.0,320.0,395.0,test
Pine_Grosbeak,media/birds_1000/00988.png,17.0,97.0,430.0,292.0,train
Least_Flycatcher,media/birds_1000/00989.png,86.0,129.0,258.0,323.0,train
Red_winged_Blackbird,media/birds_1000/00990.png,88.0,101.0,322.0,283.0,train
Western_Grebe,media/birds_1000/00991.png,60.0,31.0,383.0,227.0,test
Henslow_Sparrow,media/birds_1000/00992.png,147.0,41.0,352.0,281.0,train
Evening_Grosbeak,media/birds_1000/00993.png,237.0,169.0,497.0,283.0,train
Northern_Flicker,media/birds_1000/00994.png,45.0,38.0,336.0,275.0,train
White_breasted_Kingfisher,media/birds_1000/00995.png,17.0,105.0,419.0,336.0,test
Blue_Grosbeak,media/birds_1000/00996.png,96.0,102.0,361.0,338.0,test
Yellow_headed_Blackbird,media/birds_1000/00997.png,53.0,42.0,424.0,208.0,train
Tree_Sparrow,media/birds_1000/00998.png,47.0,11.0,450.0,427.0,train
Cliff_Swallow,media/birds_1000/00999.png,158.0,50.0,352.0,316.0,train
